B_Id|B_Pro_name|B_AvailabilityDate|B_StartTime|B_EndTime
1|Adkee|2/20/2016|15:00|17:00
2|Adkee|2/21/2016|16:00|18:00
3|Adkee|2/22/2016|6:00|19:00
4|Adkee|2/23/2016|15:00|16:30
5|Adkee|2/24/2016|15:00|17:30
6|Adkee|2/25/2016|10:30|11:30
7|adly|2/20/2016|8:00|10:00
8|adly|2/21/2016|9:00|11:00
9|adly|2/22/2016|15:00|17:00
10|blingbo|2/23/2016|16:00|18:00
11|blingbo|2/24/2016|6:00|19:00
12|blingbo|2/25/2016|15:00|16:30
13|Bodoo Media|2/20/2016|15:00|17:30
14|Bodoo Media|2/21/2016|10:30|11:30
15|Bodoo Media|2/22/2016|8:00|10:00
16|bogo|2/23/2016|9:00|11:00
17|bogo|2/24/2016|15:00|17:00
18|bogo|2/25/2016|16:00|18:00
19|BoZing|2/20/2016|6:00|19:00
20|BoZing|2/21/2016|15:00|16:30
21|BoZing|2/22/2016|15:00|17:30
22|Claxla Collective|2/23/2016|10:30|11:30
23|Claxla Collective|2/24/2016|8:00|10:00
24|Claxla Collective|2/25/2016|9:00|11:00
25|Cloudify Systems|2/20/2016|15:00|17:00
26|Cloudify Systems|2/21/2016|16:00|18:00
27|Cloudify Systems|2/22/2016|6:00|19:00
28|cloudzizzl|2/23/2016|15:00|16:30
29|cloudzizzl|2/24/2016|15:00|17:30
30|cloudzizzl|2/25/2016|10:30|11:30
31|Dotga Collective|2/20/2016|8:00|10:00
32|Dotga Collective|2/21/2016|9:00|11:00
33|Dotga Collective|2/22/2016|15:00|17:00
34|dotjing|2/23/2016|16:00|18:00
35|dotjing|2/24/2016|6:00|19:00
36|dotjing|2/25/2016|15:00|16:30
37|Dotster|2/20/2016|15:00|17:30
38|Dotster|2/21/2016|10:30|11:30
39|Dotster|2/22/2016|8:00|10:00
40|Fildoodle|2/23/2016|9:00|11:00
41|Fildoodle|2/24/2016|15:00|17:00
42|Fildoodle|2/25/2016|16:00|18:00
43|GlifDoo|2/20/2016|6:00|19:00
44|GlifDoo|2/21/2016|15:00|16:30
45|GlifDoo|2/22/2016|15:00|17:30
46|Glifspace|2/23/2016|10:30|11:30
47|Glifspace|2/24/2016|8:00|10:00
48|Glifspace|2/25/2016|9:00|11:00
49|ibiba|2/20/2016|15:00|17:00
50|ibiba|2/21/2016|16:00|18:00
51|ibiba|2/22/2016|6:00|19:00
52|ILy|2/23/2016|15:00|16:30
53|ILy|2/24/2016|15:00|17:30
54|ILy|2/25/2016|10:30|11:30
55|Inifish|2/20/2016|8:00|10:00
56|Inifish|2/21/2016|9:00|11:00
57|Inifish|2/22/2016|15:00|17:00
58|IniMee|2/23/2016|16:00|18:00
59|IniMee|2/24/2016|6:00|19:00
60|IniMee|2/25/2016|15:00|16:30
61|IniSter|2/20/2016|15:00|17:30
62|IniSter|2/21/2016|10:30|11:30
63|IniSter|2/22/2016|8:00|10:00
64|ISense|2/23/2016|9:00|11:00
65|ISense|2/24/2016|15:00|17:00
66|ISense|2/25/2016|16:00|18:00
67|jala|2/20/2016|6:00|19:00
68|jala|2/21/2016|15:00|16:30
69|jala|2/22/2016|15:00|17:30
70|Jamee|2/23/2016|10:30|11:30
71|Jamee|2/24/2016|8:00|10:00
72|Jamee|2/25/2016|9:00|11:00
73|Janet|2/20/2016|15:00|17:00
74|Janet|2/21/2016|16:00|18:00
75|Janet|2/22/2016|6:00|19:00
76|kabfish|2/23/2016|15:00|16:30
77|kabfish|2/24/2016|15:00|17:30
78|kabfish|2/25/2016|10:30|11:30
79|livester|2/20/2016|8:00|10:00
80|livester|2/21/2016|9:00|11:00
81|livester|2/22/2016|15:00|17:00
82|LiveSy|2/23/2016|16:00|18:00
83|LiveSy|2/24/2016|6:00|19:00
84|LiveSy|2/25/2016|15:00|16:30
85|loohop|2/20/2016|15:00|17:30
86|loohop|2/21/2016|10:30|11:30
87|loohop|2/22/2016|8:00|10:00
88|Loonico Labs|2/23/2016|9:00|11:00
89|Loonico Labs|2/24/2016|15:00|17:00
90|Loonico Labs|2/25/2016|16:00|18:00
91|Looon Systems|2/20/2016|6:00|19:00
92|Looon Systems|2/21/2016|15:00|16:30
93|Looon Systems|2/22/2016|15:00|17:30
94|Mykee Labs|2/23/2016|10:30|11:30
95|Mykee Labs|2/24/2016|8:00|10:00
96|Mykee Labs|2/25/2016|9:00|11:00
97|Plurbo|2/20/2016|15:00|17:00
98|Plurbo|2/21/2016|16:00|18:00
99|Plurbo|2/22/2016|6:00|19:00
100|PlurSpace|2/23/2016|15:00|16:30
101|PlurSpace|2/24/2016|15:00|17:30
102|PlurSpace|2/25/2016|10:30|11:30
103|PlurStar|2/20/2016|8:00|10:00
104|PlurStar|2/21/2016|9:00|11:00
105|PlurStar|2/22/2016|15:00|17:00
106|Prockr Designs|2/23/2016|16:00|18:00
107|Prockr Designs|2/24/2016|6:00|19:00
108|Prockr Designs|2/25/2016|15:00|16:30
109|progo|2/20/2016|15:00|17:30
110|progo|2/21/2016|10:30|11:30
111|progo|2/22/2016|8:00|10:00
112|QuirbBee|2/23/2016|9:00|11:00
113|QuirbBee|2/24/2016|15:00|17:00
114|QuirbBee|2/25/2016|16:00|18:00
115|Rabo Media|2/20/2016|6:00|19:00
116|Rabo Media|2/21/2016|15:00|16:30
117|Rabo Media|2/22/2016|15:00|17:30
118|Rageo|2/23/2016|10:30|11:30
119|Rageo|2/24/2016|8:00|10:00
120|Rageo|2/25/2016|9:00|11:00
121|Raify|2/20/2016|15:00|17:00
122|Raify|2/21/2016|16:00|18:00
123|Raify|2/22/2016|6:00|19:00
124|Rala|2/23/2016|15:00|16:30
125|Rala|2/24/2016|15:00|17:30
126|Rala|2/25/2016|10:30|11:30
127|Rasense Collective|2/20/2016|8:00|10:00
128|Rasense Collective|2/21/2016|9:00|11:00
129|Rasense Collective|2/22/2016|15:00|17:00
130|Rembox|2/23/2016|16:00|18:00
131|Rembox|2/24/2016|6:00|19:00
132|Rembox|2/25/2016|15:00|16:30
133|Remnit|2/20/2016|15:00|17:30
134|Remnit|2/21/2016|10:30|11:30
135|Remnit|2/22/2016|8:00|10:00
136|scroton|2/23/2016|9:00|11:00
137|scroton|2/24/2016|15:00|17:00
138|scroton|2/25/2016|16:00|18:00
139|SkoBo|2/20/2016|6:00|19:00
140|SkoBo|2/21/2016|15:00|16:30
141|SkoBo|2/22/2016|15:00|17:30
142|Smugbo Systems|2/23/2016|10:30|11:30
143|Smugbo Systems|2/24/2016|8:00|10:00
144|Smugbo Systems|2/25/2016|9:00|11:00
145|smugqa|2/20/2016|15:00|17:00
146|smugqa|2/21/2016|16:00|18:00
147|smugqa|2/22/2016|6:00|19:00
148|Trumo|2/23/2016|15:00|16:30
149|Trumo|2/24/2016|15:00|17:30
150|Trumo|2/25/2016|10:30|11:30
151|trunet|2/20/2016|8:00|10:00
152|trunet|2/21/2016|9:00|11:00
153|trunet|2/22/2016|15:00|17:00
154|Truyou|2/23/2016|16:00|18:00
155|Truyou|2/24/2016|6:00|19:00
156|Truyou|2/25/2016|15:00|16:30
157|Truzing Collective|2/20/2016|15:00|17:30
158|Truzing Collective|2/21/2016|10:30|11:30
159|Truzing Collective|2/22/2016|8:00|10:00
160|Twisauce|2/23/2016|9:00|11:00
161|Twisauce|2/24/2016|15:00|17:00
162|Twisauce|2/25/2016|16:00|18:00
163|Twistar Labs|2/20/2016|6:00|19:00
164|Twistar Labs|2/21/2016|15:00|16:30
165|Twistar Labs|2/22/2016|15:00|17:30
166|Vertbox|2/23/2016|10:30|11:30
167|Vertbox|2/24/2016|8:00|10:00
168|Vertbox|2/25/2016|9:00|11:00
169|Vertkee Labs|2/20/2016|15:00|17:00
170|Vertkee Labs|2/21/2016|16:00|18:00
171|Vertkee Labs|2/22/2016|6:00|19:00
172|Vertsauce Labs|2/23/2016|15:00|16:30
173|Vertsauce Labs|2/24/2016|15:00|17:30
174|Vertsauce Labs|2/25/2016|10:30|11:30
175|xobee|2/20/2016|8:00|10:00
176|xobee|2/21/2016|9:00|11:00
177|xobee|2/22/2016|15:00|17:00
178|Xogo Designs|2/23/2016|16:00|18:00
179|Xogo Designs|2/24/2016|6:00|19:00
180|Xogo Designs|2/25/2016|15:00|16:30
181|Yeddscro Systems|2/20/2016|15:00|17:30
182|Yeddscro Systems|2/21/2016|10:30|11:30
183|Yeddscro Systems|2/22/2016|8:00|10:00
184|YeddZizzl|2/23/2016|9:00|11:00
185|YeddZizzl|2/24/2016|15:00|17:00
186|YeddZizzl|2/25/2016|16:00|18:00
187|YoNico|2/20/2016|6:00|19:00
188|YoNico|2/21/2016|15:00|16:30
189|YoNico|2/22/2016|15:00|17:30
190|Youbo Labs|2/23/2016|10:30|11:30
191|Youbo Labs|2/24/2016|8:00|10:00
192|Youbo Labs|2/25/2016|9:00|11:00
193|Youhop Labs|2/20/2016|15:00|17:00
194|Youhop Labs|2/21/2016|16:00|18:00
195|Youhop Labs|2/22/2016|6:00|19:00
196|YouKee|2/23/2016|15:00|16:30
197|YouKee|2/24/2016|15:00|17:30
198|YouKee|2/25/2016|10:30|11:30
199|YouZing|2/21/2016|8:00|10:00
200|YouZing|2/22/2016|9:00|11:00
